-- phpMyAdmin SQL Dump
-- version 5.1.1
-- https://www.phpmyadmin.net/
--
-- Host: 127.0.0.1
-- Waktu pembuatan: 20 Nov 2021 pada 01.45
-- Versi server: 10.4.21-MariaDB
-- Versi PHP: 7.4.24

SET SQL_MODE = "NO_AUTO_VALUE_ON_ZERO";
START TRANSACTION;
SET time_zone = "+00:00";


/*!40101 SET @OLD_CHARACTER_SET_CLIENT=@@CHARACTER_SET_CLIENT */;
/*!40101 SET @OLD_CHARACTER_SET_RESULTS=@@CHARACTER_SET_RESULTS */;
/*!40101 SET @OLD_COLLATION_CONNECTION=@@COLLATION_CONNECTION */;
/*!40101 SET NAMES utf8mb4 */;

--
-- Database: `dbspprevisi_xii_mridwans`
--

-- --------------------------------------------------------

--
-- Struktur dari tabel `kelas`
--

CREATE TABLE `kelas` (
  `id_kelas` int(11) NOT NULL,
  `nama_kelas` varchar(10) NOT NULL,
  `id_kk` int(10) NOT NULL
) ENGINE=InnoDB DEFAULT CHARSET=utf8mb4;

--
-- Dumping data untuk tabel `kelas`
--

INSERT INTO `kelas` (`id_kelas`, `nama_kelas`, `id_kk`) VALUES
(1, 'XII-RPL 2', 1),
(3, 'XII-TFLM 2', 6),
(4, 'XII-TKRO', 4);

-- --------------------------------------------------------

--
-- Struktur dari tabel `kompetensi_keahlian`
--

CREATE TABLE `kompetensi_keahlian` (
  `id_kk` int(10) NOT NULL,
  `nama_kk` varchar(50) NOT NULL
) ENGINE=InnoDB DEFAULT CHARSET=utf8mb4;

--
-- Dumping data untuk tabel `kompetensi_keahlian`
--

INSERT INTO `kompetensi_keahlian` (`id_kk`, `nama_kk`) VALUES
(1, 'REKAYASA PERANGKAT LUNAK'),
(4, 'TEKNIK KENDARAAN RINGAN DAN OTOMOTIF'),
(5, 'TEKNIK KOMPUTER DAN JARINGAN'),
(6, 'TEKNIK FABRIKASI LOGAM DAN MANUFAKTUR');

-- --------------------------------------------------------

--
-- Struktur dari tabel `login`
--

CREATE TABLE `login` (
  `id_login` int(11) NOT NULL,
  `username` varchar(50) NOT NULL,
  `password` varchar(50) NOT NULL,
  `level` enum('admin','petugas','siswa') NOT NULL
) ENGINE=InnoDB DEFAULT CHARSET=utf8mb4;

--
-- Dumping data untuk tabel `login`
--

INSERT INTO `login` (`id_login`, `username`, `password`, `level`) VALUES
(1, 'coba', 'c3ec0f7b054e729c5a716c8125839829', 'admin'),
(2, 'petugas', 'afb91ef692fd08c445e8cb1bab2ccf9c', 'petugas'),
(3, 'siswa', 'bcd724d15cde8c47650fda962968f102', 'siswa');

-- --------------------------------------------------------

--
-- Struktur dari tabel `pembayaran`
--

CREATE TABLE `pembayaran` (
  `id_pembayaran` int(11) NOT NULL,
  `id_petugas` int(11) NOT NULL,
  `nisn` varchar(10) NOT NULL,
  `tgl_bayar` date NOT NULL,
  `bulan_bayar` varchar(8) NOT NULL,
  `tahun_bayar` varchar(4) NOT NULL,
  `id_spp` int(11) NOT NULL,
  `jumlah_bayar` varchar(20) NOT NULL
) ENGINE=InnoDB DEFAULT CHARSET=utf8mb4;

--
-- Dumping data untuk tabel `pembayaran`
--

INSERT INTO `pembayaran` (`id_pembayaran`, `id_petugas`, `nisn`, `tgl_bayar`, `bulan_bayar`, `tahun_bayar`, `id_spp`, `jumlah_bayar`) VALUES
(1, 1, '0041272743', '2021-10-04', 'Oktober', '2021', 5, '300000'),
(3, 1, '0041272744', '2021-10-05', 'Maret', '2021', 6, '100000'),
(4, 1, '0041272743', '2021-11-01', 'Maret', '2022', 5, '600000'),
(5, 1, '0041272743', '2021-11-02', 'Mei', '2023', 6, '450000'),
(6, 1, '0041272744', '2021-11-20', 'November', '2021', 5, '500000');

-- --------------------------------------------------------

--
-- Struktur dari tabel `petugas`
--

CREATE TABLE `petugas` (
  `id_petugas` int(11) NOT NULL,
  `nama_petugas` varchar(35) NOT NULL,
  `id_login` int(11) NOT NULL,
  `image` varchar(255) NOT NULL
) ENGINE=InnoDB DEFAULT CHARSET=utf8mb4;

--
-- Dumping data untuk tabel `petugas`
--

INSERT INTO `petugas` (`id_petugas`, `nama_petugas`, `id_login`, `image`) VALUES
(1, 'Coba  Petugas', 2, 'default.jpg');

-- --------------------------------------------------------

--
-- Struktur dari tabel `siswa`
--

CREATE TABLE `siswa` (
  `nisn` varchar(10) NOT NULL,
  `nis` varchar(8) NOT NULL,
  `nama` varchar(35) NOT NULL,
  `id_kelas` int(11) NOT NULL,
  `alamat` text NOT NULL,
  `no_telp` varchar(13) NOT NULL,
  `id_spp` int(11) NOT NULL,
  `id_login` int(11) NOT NULL,
  `image` varchar(255) NOT NULL DEFAULT 'default.jpg'
) ENGINE=InnoDB DEFAULT CHARSET=utf8mb4;

--
-- Dumping data untuk tabel `siswa`
--

INSERT INTO `siswa` (`nisn`, `nis`, `nama`, `id_kelas`, `alamat`, `no_telp`, `id_spp`, `id_login`, `image`) VALUES
('0041272743', '2021001', 'MUHAMMAD RIDWAN SURYA', 1, 'Bogor', '08522558', 5, 3, 'default.jpg'),
('0041272744', '2021002', 'MUHAMMAD RIVAN SURYA', 3, 'Bogor', '08251422411', 5, 3, 'default.jpg');

-- --------------------------------------------------------

--
-- Struktur dari tabel `spp`
--

CREATE TABLE `spp` (
  `id_spp` int(11) NOT NULL,
  `tahun` varchar(30) NOT NULL,
  `nominal` int(11) NOT NULL
) ENGINE=InnoDB DEFAULT CHARSET=utf8mb4;

--
-- Dumping data untuk tabel `spp`
--

INSERT INTO `spp` (`id_spp`, `tahun`, `nominal`) VALUES
(5, '2021/2022', 250000),
(6, '2022/2023', 15000);

--
-- Indexes for dumped tables
--

--
-- Indeks untuk tabel `kelas`
--
ALTER TABLE `kelas`
  ADD PRIMARY KEY (`id_kelas`),
  ADD KEY `id_kk` (`id_kk`);

--
-- Indeks untuk tabel `kompetensi_keahlian`
--
ALTER TABLE `kompetensi_keahlian`
  ADD PRIMARY KEY (`id_kk`);

--
-- Indeks untuk tabel `login`
--
ALTER TABLE `login`
  ADD PRIMARY KEY (`id_login`);

--
-- Indeks untuk tabel `pembayaran`
--
ALTER TABLE `pembayaran`
  ADD PRIMARY KEY (`id_pembayaran`),
  ADD KEY `id_petugas` (`id_petugas`),
  ADD KEY `nisn` (`nisn`),
  ADD KEY `id_spp` (`id_spp`);

--
-- Indeks untuk tabel `petugas`
--
ALTER TABLE `petugas`
  ADD PRIMARY KEY (`id_petugas`),
  ADD KEY `id_login` (`id_login`);

--
-- Indeks untuk tabel `siswa`
--
ALTER TABLE `siswa`
  ADD PRIMARY KEY (`nisn`),
  ADD KEY `id_kelas` (`id_kelas`),
  ADD KEY `no_telp` (`no_telp`),
  ADD KEY `id_spp` (`id_spp`),
  ADD KEY `id_login` (`id_login`);

--
-- Indeks untuk tabel `spp`
--
ALTER TABLE `spp`
  ADD PRIMARY KEY (`id_spp`);

--
-- AUTO_INCREMENT untuk tabel yang dibuang
--

--
-- AUTO_INCREMENT untuk tabel `kelas`
--
ALTER TABLE `kelas`
  MODIFY `id_kelas` int(11) NOT NULL AUTO_INCREMENT, AUTO_INCREMENT=5;

--
-- AUTO_INCREMENT untuk tabel `kompetensi_keahlian`
--
ALTER TABLE `kompetensi_keahlian`
  MODIFY `id_kk` int(10) NOT NULL AUTO_INCREMENT, AUTO_INCREMENT=7;

--
-- AUTO_INCREMENT untuk tabel `login`
--
ALTER TABLE `login`
  MODIFY `id_login` int(11) NOT NULL AUTO_INCREMENT, AUTO_INCREMENT=4;

--
-- AUTO_INCREMENT untuk tabel `pembayaran`
--
ALTER TABLE `pembayaran`
  MODIFY `id_pembayaran` int(11) NOT NULL AUTO_INCREMENT, AUTO_INCREMENT=7;

--
-- AUTO_INCREMENT untuk tabel `petugas`
--
ALTER TABLE `petugas`
  MODIFY `id_petugas` int(11) NOT NULL AUTO_INCREMENT, AUTO_INCREMENT=3;

--
-- AUTO_INCREMENT untuk tabel `spp`
--
ALTER TABLE `spp`
  MODIFY `id_spp` int(11) NOT NULL AUTO_INCREMENT, AUTO_INCREMENT=12;

--
-- Ketidakleluasaan untuk tabel pelimpahan (Dumped Tables)
--

--
-- Ketidakleluasaan untuk tabel `kelas`
--
ALTER TABLE `kelas`
  ADD CONSTRAINT `kelas_ibfk_1` FOREIGN KEY (`id_kk`) REFERENCES `kompetensi_keahlian` (`id_kk`) ON DELETE CASCADE ON UPDATE CASCADE;

--
-- Ketidakleluasaan untuk tabel `pembayaran`
--
ALTER TABLE `pembayaran`
  ADD CONSTRAINT `pembayaran_ibfk_1` FOREIGN KEY (`id_spp`) REFERENCES `spp` (`id_spp`) ON DELETE CASCADE ON UPDATE CASCADE,
  ADD CONSTRAINT `pembayaran_ibfk_2` FOREIGN KEY (`nisn`) REFERENCES `siswa` (`nisn`) ON DELETE CASCADE ON UPDATE CASCADE,
  ADD CONSTRAINT `pembayaran_ibfk_3` FOREIGN KEY (`id_petugas`) REFERENCES `petugas` (`id_petugas`) ON DELETE CASCADE ON UPDATE CASCADE;

--
-- Ketidakleluasaan untuk tabel `petugas`
--
ALTER TABLE `petugas`
  ADD CONSTRAINT `petugas_ibfk_1` FOREIGN KEY (`id_login`) REFERENCES `login` (`id_login`) ON DELETE CASCADE ON UPDATE CASCADE;

--
-- Ketidakleluasaan untuk tabel `siswa`
--
ALTER TABLE `siswa`
  ADD CONSTRAINT `siswa_ibfk_1` FOREIGN KEY (`id_kelas`) REFERENCES `kelas` (`id_kelas`) ON DELETE CASCADE ON UPDATE CASCADE,
  ADD CONSTRAINT `siswa_ibfk_2` FOREIGN KEY (`id_login`) REFERENCES `login` (`id_login`) ON DELETE CASCADE ON UPDATE CASCADE,
  ADD CONSTRAINT `siswa_ibfk_3` FOREIGN KEY (`id_spp`) REFERENCES `spp` (`id_spp`) ON DELETE CASCADE ON UPDATE CASCADE;
COMMIT;

/*!40101 SET CHARACTER_SET_CLIENT=@OLD_CHARACTER_SET_CLIENT */;
/*!40101 SET CHARACTER_SET_RESULTS=@OLD_CHARACTER_SET_RESULTS */;
/*!40101 SET COLLATION_CONNECTION=@OLD_COLLATION_CONNECTION */;
